              ID,DESCRIPCION,CONCEPTID,PEDIBLE,REALIZABLE,REQUIERE PROBLEMA,AREA
9316501000999114,ARTROGRAFIA DE RODILLA,546751000999103,1,1,0,RADIOLOGIA
15516231000999112,CISTOGRAFIA RETROGRADA ISOTOPICA,1766011000999106,1,1,0,RADIOLOGIA
15091881000999119,CISTOGRAFIA RETROGRADA MICCIONAL,1725121000999100,1,1,0,RADIOLOGIA
3097291000999117,CISTOURETROGRAFIA,303701000999103,1,1,0,RADIOLOGIA
2993041000999110,COLANGIOGRAFIA INTRAOPERATORIA,289121000999103,1,1,0,RADIOLOGIA
3074401000999110,COLANGIOPANCREATOGRAFIA RETROGRADA ENDOSCOPICA,292841000999107,1,1,0,RADIOLOGIA
9003281000999113,COLANGIOPANCREATOGRAFIA RETROGRADA ENDOSCOPICA PARA EXTRACCION DE LITIASIS COLEDOCIANA,333211000999102,1,1,0,RADIOLOGIA
4561731000999117,COLON POR ENEMA,77351000999101,1,1,0,RADIOLOGIA
2842431000999116,DACRIOCISTOGRAFIA,1765881000999103,1,1,0,RADIOLOGIA
25310021000999117,DACRIOCISTOGRAFIA DERECHA,6421021000999108,1,1,0,RADIOLOGIA
8302801000999111,ESPINOGRAMA,1218951000999100,1,1,0,RADIOLOGIA
32199371000999118,ESPINOGRAMA DE COLUMNA,6387581000999107,1,1,0,RADIOLOGIA
31104901000999113,ESPINOGRAMA FRENTE,6336801000999109,1,1,0,RADIOLOGIA
31105001000999113,ESPINOGRAMA FRENTE Y PERFIL,6336811000999107,1,1,0,RADIOLOGIA
15515331000999114,ESTUDIO DE RADIOLOGIA DE INTESTINO DELGADO,1765801000999106,1,1,0,RADIOLOGIA
15515211000999112,ESTUDIO RADIOLOGICO DE EDAD OSEA,1765781000999107,1,1,0,RADIOLOGIA
15518831000999114,ESTUDIOS DE LA EDAD OSEA POR RADIOGRAFIA,1728161000999103,1,1,0,RADIOLOGIA
3055131000999110,FLEBOGRAFIA,306881000999107,1,1,0,RADIOLOGIA
3734651000999110,HISTEROSALPINGOGRAFIA,379421000999108,1,1,0,RADIOLOGIA
3325321000999111,PIELOGRAFIA,1766001000999108,1,1,0,RADIOLOGIA
2999011000999110,PIELOGRAFIA ASCENDENTE,289111000999105,1,1,0,RADIOLOGIA
32139271000999116,RADIGRAFIA DE CUELLO DE PIE,6385971000999107,1,1,0,RADIOLOGIA
25672171000999118,RADIGRAFIA DE CUELLO DE PIE DERECHO,6385961000999101,1,1,0,RADIOLOGIA
32139211000999112,RADIGRAFIA DEL CUELLO DEL PIE IZQUIERDO,6385941000999100,1,1,0,RADIOLOGIA
33461051000999116,RADIOGRAFIA ABDOMEN PIE Y ACOSTADO,6432791000999100,1,1,0,RADIOLOGIA
31076701000999117,RADIOGRAFIA AXIAL DE AMBAS ROTULAS,6334571000999108,1,1,0,RADIOLOGIA
32090711000999113,RADIOGRAFIA AXIAL DE CALCANEO ,6384821000999104,1,1,0,RADIOLOGIA
31027411000999114,RADIOGRAFIA AXIAL DE ROTULA DERECHA,6329211000999103,1,1,0,RADIOLOGIA
15497361000999118,RADIOGRAFIA COLUMNA VERTEBRAL ENFOQUE COMPLETO,1763701000999103,1,1,0,RADIOLOGIA
31285171000999117,RADIOGRAFIA COMPARATIVA DE AMBOS MIEMBROS INFERIORES,6351331000999104,1,1,0,RADIOLOGIA
15503881000999119,RADIOGRAFIA COMPLEMENTAR DEL MIEMBRO INFERIOR,1764381000999109,1,1,0,RADIOLOGIA
15507451000999117,RADIOGRAFIA COMPLEMENTO DEL ABDOMEN,1764971000999107,1,1,0,RADIOLOGIA
15507351000999111,RADIOGRAFIA COMPLEMENTO DEL CUELLO,1764941000999100,1,1,0,RADIOLOGIA
15504811000999110,RADIOGRAFIA COMPLEMENTO DEL MIEMBRO SUPERIOR,1764591000999104,1,1,0,RADIOLOGIA
15507381000999116,RADIOGRAFIA COMPLEMENTO DEL TORAX,1764951000999103,1,1,0,RADIOLOGIA
27726431000999115,RADIOGRAFIA COXOFEMORAL,6034181000999102,1,1,0,RADIOLOGIA
17653711000999119,RADIOGRAFIA COXOFEMORAL BILATERAL,4485581000999104,1,1,0,RADIOLOGIA
33246711000999119,RADIOGRAFIA COXOFEMORAL BILATERAL DE FRENTE Y PERFIL,6426561000999104,1,1,0,RADIOLOGIA
33245441000999118,RADIOGRAFIA COXOFEMORAL DE FRENTE Y PERFIL,1764721000999109,1,1,0,RADIOLOGIA
33245421000999112,RADIOGRAFIA COXOFEMORAL DERECHA,6426511000999102,1,1,0,RADIOLOGIA
33245491000999114,RADIOGRAFIA COXOFEMORAL DERECHA DE FRENTE Y PERFIL,4485561000999108,1,1,0,RADIOLOGIA
32770481000999119,RADIOGRAFIA COXOFEMORAL IZQUIERDA,6426521000999109,1,1,0,RADIOLOGIA
33245591000999113,RADIOGRAFIA COXOFEMORAL IZQUIERDA DE FRENTE Y PERFIL,6426551000999101,1,1,0,RADIOLOGIA
9341391000999111,RADIOGRAFIA DE ABDOMEN,293831000999105,1,1,0,RADIOLOGIA
16355301000999112,RADIOGRAFIA DE ABDOMEN ACOSTADO,1838031000999106,1,1,0,RADIOLOGIA
15507251000999118,RADIOGRAFIA DE ABDOMEN DE FRENTE,1764921000999106,1,1,0,RADIOLOGIA
16355361000999113,RADIOGRAFIA DE ABDOMEN DE PIE,1838041000999102,1,1,0,RADIOLOGIA
33243711000999111,RADIOGRAFIA DE ABDOMEN PERFIL,6426451000999102,1,1,0,RADIOLOGIA
32959181000999110,RADIOGRAFIA DE AMBAS ARTICULACIONES SACROILIACAS,1838071000999109,1,1,0,RADIOLOGIA
32960161000999119,RADIOGRAFIA DE AMBAS ARTICULACIONES SACROILIACAS CON ENFOQUE POSTERIOR,6419391000999102,1,1,0,RADIOLOGIA
32960141000999118,RADIOGRAFIA DE AMBAS ARTICULACIONES SACROILIACAS EN ANTEROPOSTERIOR,6419381000999100,1,1,0,RADIOLOGIA
32960001000999119,RADIOGRAFIA DE AMBAS ARTICULACIONES SACROILIACAS EN POSTEROANTERIOR,6419371000999103,1,1,0,RADIOLOGIA
33244991000999115,RADIOGRAFIA DE AMBAS ARTICULACIONES TEMPOROMANDIBULARES,6426501000999100,1,1,0,RADIOLOGIA
31002551000999115,RADIOGRAFIA DE AMBAS ARTICULACIONES TEMPOROMANDIBULARES - BOCA CERRADA Y ABIERTA,6324461000999100,1,1,0,RADIOLOGIA
21401101000999111,RADIOGRAFIA DE AMBAS CADERAS,4481611000999109,1,1,0,RADIOLOGIA
31014831000999116,RADIOGRAFIA DE AMBAS CADERAS FRENTE Y PERFIL,6326551000999108,1,1,0,RADIOLOGIA
31026291000999118,RADIOGRAFIA DE AMBAS CADERAS PERFIL,6328911000999102,1,1,0,RADIOLOGIA
33243211000999119,RADIOGRAFIA DE AMBAS CLAVICULAS,6426431000999108,1,1,0,RADIOLOGIA
11430861000999115,RADIOGRAFIA DE AMBAS MANOS,1332531000999104,1,1,0,RADIOLOGIA
31628851000999119,RADIOGRAFIA DE AMBAS MANOS DE FRENTE,6363101000999100,1,1,0,RADIOLOGIA
31008951000999111,RADIOGRAFIA DE AMBAS MANOS FRENTE PERFIL Y OBLICUAS,6325721000999102,1,1,0,RADIOLOGIA
33157911000999118,RADIOGRAFIA DE AMBAS MANOS FRENTE Y OBLICUAS,6425761000999102,1,1,0,RADIOLOGIA
32090281000999110,RADIOGRAFIA DE AMBAS MANOS FRENTE Y PERFIL,6384811000999106,1,1,0,RADIOLOGIA
33248761000999115,RADIOGRAFIA DE AMBAS MUÑECAS,6426621000999108,1,1,0,RADIOLOGIA
31005251000999113,RADIOGRAFIA DE AMBAS MUÑECAS FRENTE Y PERFIL,6324881000999106,1,1,0,RADIOLOGIA
32898251000999119,RADIOGRAFIA DE AMBAS PIERNAS,6316071000999102,1,1,0,RADIOLOGIA
32898661000999119,RADIOGRAFIA DE AMBAS PIERNAS DE FRENTE Y PERFIL,6316111000999109,1,1,0,RADIOLOGIA
31028271000999118,RADIOGRAFIA DE AMBAS PIERNAS FRENTE,6329441000999103,1,1,0,RADIOLOGIA
11350311000999116,RADIOGRAFIA DE AMBAS RODILLAS,1310681000999108,1,1,0,RADIOLOGIA
32139711000999115,RADIOGRAFIA DE AMBAS RODILLAS DE FRENTE PERFIL Y AXIALES DE ROTULA,6385981000999105,1,1,0,RADIOLOGIA
30768171000999110,RADIOGRAFIA DE AMBAS RODILLAS DE FRENTE PERFIL Y AXIALES DE ROTULA A 30 GRADOS,6313721000999106,1,1,0,RADIOLOGIA
30631931000999117,RADIOGRAFIA DE AMBAS RODILLAS DE FRENTE Y PERFIL,6308761000999105,1,1,0,RADIOLOGIA
32902871000999118,RADIOGRAFIA DE AMBAS RODILLAS DE FRENTE Y PERFIL DE PIE,6386141000999105,1,1,0,RADIOLOGIA
30768861000999114,RADIOGRAFIA DE AMBAS RODILLAS DE FRENTE Y PERFIL EN APOYO,6313811000999107,1,1,0,RADIOLOGIA
32139931000999110,RADIOGRAFIA DE AMBAS RODILLAS DE FRENTE Y PERFIL EN APOYO MONOPODAL Y AXIAL DE ROTULA,6386011000999107,1,1,0,RADIOLOGIA
30769831000999112,RADIOGRAFIA DE AMBAS RODILLAS DE FRENTE Y PERFIL EN APOYO MONOPODAL Y AXIALES DE ROTULA,6313951000999100,1,1,0,RADIOLOGIA
30769781000999116,RADIOGRAFIA DE AMBAS RODILLAS DE FRENTE Y PERFIL EN APOYO MONOPODAL Y AXIALES DE ROTULA A 30 GRADOS,6313931000999106,1,1,0,RADIOLOGIA
30769871000999110,RADIOGRAFIA DE AMBAS RODILLAS DE FRENTE Y PERFIL EN APOYO Y AXIALES DE ROTULA,6313971000999109,1,1,0,RADIOLOGIA
30767921000999111,RADIOGRAFIA DE AMBAS RODILLAS DE FRENTE Y PERFIL EN APOYO Y AXIALES DE ROTULA A 30 GRADOS,6313701000999102,1,1,0,RADIOLOGIA
32143271000999119,RADIOGRAFIA DE AMBAS RODILLAS DE PIE,6386091000999103,1,1,0,RADIOLOGIA
30768471000999117,RADIOGRAFIA DE AMBAS RODILLAS EN APOYO,6313761000999101,1,1,0,RADIOLOGIA
32143971000999111,RADIOGRAFIA DE AMBAS RODILLAS EN APOYO MONOPODALICO ,6386161000999109,1,1,0,RADIOLOGIA
32143741000999119,RADIOGRAFIA DE AMBAS RODILLAS FRENTE PERFIL Y AXIAL DE ROTULA,6329111000999108,1,1,0,RADIOLOGIA
31027151000999119,RADIOGRAFIA DE AMBAS RODILLAS FRENTE Y PERFIL EN APOYO MONOPODALICO,6329151000999109,1,1,0,RADIOLOGIA
33462121000999117,RADIOGRAFIA DE AMBAS RODILLAS Y AXIALES DE ROTULA ,6432901000999109,1,1,0,RADIOLOGIA
32142921000999117,RADIOGRAFIA DE AMBAS TIBIAS,6386101000999108,1,1,0,RADIOLOGIA
21400661000999110,RADIOGRAFIA DE AMBOS ANTEBRAZOS,4481561000999106,1,1,0,RADIOLOGIA
32986051000999115,RADIOGRAFIA DE AMBOS ANTEPIES,6420301000999107,1,1,0,RADIOLOGIA
32986301000999117,RADIOGRAFIA DE AMBOS ANTEPIES EN APOYO,6420341000999109,1,1,0,RADIOLOGIA
31044331000999116,RADIOGRAFIA DE AMBOS ANTEPIES FRENTE Y PERFIL,6331631000999107,1,1,0,RADIOLOGIA
32986281000999116,RADIOGRAFIA DE AMBOS ANTEPIES FRENTE Y PERFIL EN APOYO,6420331000999100,1,1,0,RADIOLOGIA
29216631000999113,RADIOGRAFIA DE AMBOS BRAZOS,6386051000999108,1,1,0,RADIOLOGIA
33090681000999119,RADIOGRAFIA DE AMBOS CALCANEOS,6424071000999107,1,1,0,RADIOLOGIA
33090601000999110,RADIOGRAFIA DE AMBOS CALCANEOS PERFIL,6424061000999101,1,1,0,RADIOLOGIA
21400591000999119,RADIOGRAFIA DE AMBOS CODOS,4481541000999107,1,1,0,RADIOLOGIA
21469401000999118,RADIOGRAFIA DE AMBOS CODOS FRENTE Y PERFIL,4485521000999103,1,1,0,RADIOLOGIA
33275811000999118,RADIOGRAFIA DE AMBOS FEMURES,6427551000999103,1,1,0,RADIOLOGIA
21401961000999114,RADIOGRAFIA DE AMBOS HOMBROS,4481681000999103,1,1,0,RADIOLOGIA
33462271000999110,RADIOGRAFIA DE AMBOS HOMBROS DE FRENTE PERFIL Y ROTACION EXTERNA E INTERNA,6425771000999108,1,1,0,RADIOLOGIA
33462401000999116,RADIOGRAFIA DE AMBOS HOMBROS EN ROTACION EXTERNA E INTERNA,6432911000999107,1,1,0,RADIOLOGIA
30961611000999113,RADIOGRAFIA DE AMBOS HOMBROS FRENTE,6322231000999101,1,1,0,RADIOLOGIA
30962171000999115,RADIOGRAFIA DE AMBOS HOMBROS FRENTE Y PERFIL,6322391000999107,1,1,0,RADIOLOGIA
32139901000999115,RADIOGRAFIA DE AMBOS HOMBROS FRENTE Y ROTACIONES,6386001000999109,1,1,0,RADIOLOGIA
33275841000999119,RADIOGRAFIA DE AMBOS HUMEROS,6427561000999101,1,1,0,RADIOLOGIA
26686921000999113,RADIOGRAFIA DE AMBOS MIEMBROS INFERIORES,6426691000999105,1,1,0,RADIOLOGIA
21400631000999119,RADIOGRAFIA DE AMBOS PIES,4481551000999109,1,1,0,RADIOLOGIA
16356091000999110,RADIOGRAFIA DE AMBOS PIES CON ENFOQUE DE TIBIOTARSIANAS,1838121000999109,1,1,0,RADIOLOGIA
30659861000999115,RADIOGRAFIA DE AMBOS PIES DE FRENTE,6308991000999101,1,1,0,RADIOLOGIA
30837001000999110,RADIOGRAFIA DE AMBOS PIES DE FRENTE PERFIL Y OBLICUA,6316141000999108,1,1,0,RADIOLOGIA
32987001000999117,RADIOGRAFIA DE AMBOS PIES DE FRENTE PERFIL Y OBLICUA EN APOYO,6420481000999107,1,1,0,RADIOLOGIA
30839301000999119,RADIOGRAFIA DE AMBOS PIES DE FRENTE Y OBLICUA,6316311000999107,1,1,0,RADIOLOGIA
30660001000999112,RADIOGRAFIA DE AMBOS PIES DE FRENTE Y PERFIL,6309001000999101,1,1,0,RADIOLOGIA
32143321000999114,RADIOGRAFIA DE AMBOS PIES DE FRENTE Y PERFIL DE PIE,6386081000999101,1,1,0,RADIOLOGIA
32986571000999116,RADIOGRAFIA DE AMBOS PIES DE FRENTE Y PERFIL EN APOYO,6309011000999103,1,1,0,RADIOLOGIA
30659841000999119,RADIOGRAFIA DE AMBOS PIES EN APOYO,6308981000999104,1,1,0,RADIOLOGIA
31043981000999116,RADIOGRAFIA DE AMBOS PIES PERFIL,6331551000999102,1,1,0,RADIOLOGIA
32141041000999116,RADIOGRAFIA DE AMBOS PUÑOS,6386061000999105,1,1,0,RADIOLOGIA
33462511000999117,RADIOGRAFIA DE AMBOS PUÑOS DE FRENTE Y PERFIL ,6432921000999100,1,1,0,RADIOLOGIA
33211841000999114,RADIOGRAFIA DE AMBOS RETROPIES FRENTE Y PERFIL EN APOYO,6425831000999103,1,1,0,RADIOLOGIA
29177201000999110,RADIOGRAFIA DE AMBOS TOBILLOS,6386071000999104,1,1,0,RADIOLOGIA
31028901000999117,RADIOGRAFIA DE AMBOS TOBILLOS FRENTE Y PERFIL,6329641000999101,1,1,0,RADIOLOGIA
32990281000999119,RADIOGRAFIA DE AMBOS TOBILLOS FRENTE Y PERFIL EN APOYO,6326281000999104,1,1,0,RADIOLOGIA
16490651000999113,RADIOGRAFIA DE ANTEBRAZO,1852151000999104,1,1,0,RADIOLOGIA
15504381000999114,RADIOGRAFIA DE ANTEBRAZO DE FRENTE Y PERFIL,1764521000999101,1,1,0,RADIOLOGIA
14462091000999116,RADIOGRAFIA DE ANTEBRAZO DERECHO,1680871000999102,1,1,0,RADIOLOGIA
31005021000999113,RADIOGRAFIA DE ANTEBRAZO DERECHO FRENTE Y PERFIL,6324831000999105,1,1,0,RADIOLOGIA
14462141000999111,RADIOGRAFIA DE ANTEBRAZO IZQUIERDO,1680911000999104,1,1,0,RADIOLOGIA
31004821000999117,RADIOGRAFIA DE ANTEBRAZO IZQUIERDO FRENTE Y PERFIL,6324781000999102,1,1,0,RADIOLOGIA
33466861000999118,RADIOGRAFIA DE ANTEBRAZO IZQUIERDO FRENTE Y PERFIL INCLUYENDO CODO Y PUÑO,6433131000999105,1,1,0,RADIOLOGIA
29584881000999114,RADIOGRAFIA DE ANTEBRAZO IZQUIERDO INCLUYENDO PUÑO,6433141000999101,1,1,0,RADIOLOGIA
33466761000999110,RADIOGRAFIA DE ANTEBRAZO Y PUÑO DERECHO,6433121000999107,1,1,0,RADIOLOGIA
32897841000999118,RADIOGRAFIA DE ANTEPIE,6414231000999109,1,1,0,RADIOLOGIA
31043381000999117,RADIOGRAFIA DE ANTEPIE DERECHO FRENTE Y PERFIL,6331421000999106,1,1,0,RADIOLOGIA
32986161000999119,RADIOGRAFIA DE ANTEPIE FRENTE Y PERFIL,6420311000999105,1,1,0,RADIOLOGIA
21400741000999118,RADIOGRAFIA DE ANTEPIE IZQUIERDO,4481581000999102,1,1,0,RADIOLOGIA
31044921000999118,RADIOGRAFIA DE ANTEPIE IZQUIERDO FRENTE Y PERFIL,6331771000999101,1,1,0,RADIOLOGIA
33221561000999118,RADIOGRAFIA DE ARTICULACION ESCAPULOHUMERAL BILATERAL,6426171000999101,1,1,0,RADIOLOGIA
33275731000999116,RADIOGRAFIA DE ARTICULACION ESCAPULOHUMERAL IZQUIERDA,6427541000999100,1,1,0,RADIOLOGIA
31292441000999110,RADIOGRAFIA DE ARTICULACION ESTERNOCLAVICULAR DERECHA,6426581000999108,1,1,0,RADIOLOGIA
32959071000999111,RADIOGRAFIA DE ARTICULACION SACROILIACA,6419351000999107,1,1,0,RADIOLOGIA
32960311000999119,RADIOGRAFIA DE ARTICULACION SACROILIACA DERECHA,6419411000999102,1,1,0,RADIOLOGIA
32960541000999111,RADIOGRAFIA DE ARTICULACION SACROILIACA IZQUIERDA FRENTE Y PERFIL,6419471000999105,1,1,0,RADIOLOGIA
33267561000999116,RADIOGRAFIA DE ARTICULACION TEMPOROMANDIBULAR DERECHA,6427261000999103,1,1,0,RADIOLOGIA
33267521000999114,RADIOGRAFIA DE ARTICULACION TEMPOROMANDIBULAR IZQUIERDA,6427251000999100,1,1,0,RADIOLOGIA
31004171000999111,RADIOGRAFIA DE BRAZO DERECHO FRENTE Y PERFIL,6324661000999103,1,1,0,RADIOLOGIA
11361531000999116,RADIOGRAFIA DE CADERA,1313461000999105,1,1,0,RADIOLOGIA
30835881000999115,RADIOGRAFIA DE CADERA DE FRENTE Y PERFIL,6316101000999106,1,1,0,RADIOLOGIA
11413551000999116,RADIOGRAFIA DE CADERA DERECHA,1327011000999100,1,1,0,RADIOLOGIA
30835491000999119,RADIOGRAFIA DE CADERA DERECHA DE FRENTE Y PERFIL,6316041000999109,1,1,0,RADIOLOGIA
21401201000999119,RADIOGRAFIA DE CADERA IZQUIERDA,4481621000999102,1,1,0,RADIOLOGIA
30835821000999119,RADIOGRAFIA DE CADERA IZQUIERDA DE FRENTE Y PERFIL ,6316081000999104,1,1,0,RADIOLOGIA
31025951000999113,RADIOGRAFIA DE CADERA IZQUIERDA FRENTE Y PERFIL,6328821000999101,1,1,0,RADIOLOGIA
33157571000999119,RADIOGRAFIA DE CALCANEO,4485031000999107,1,1,0,RADIOLOGIA
33090751000999117,RADIOGRAFIA DE CALCANEO DERECHO,6424081000999105,1,1,0,RADIOLOGIA
31041761000999111,RADIOGRAFIA DE CALCANEO DERECHO FRENTE Y PERFIL,6331051000999107,1,1,0,RADIOLOGIA
33157551000999111,RADIOGRAFIA DE CALCANEO FRENTE Y PERFIL,6425731000999105,1,1,0,RADIOLOGIA
33090771000999114,RADIOGRAFIA DE CALCANEO IZQUIERDO,6424091000999108,1,1,0,RADIOLOGIA
31042991000999110,RADIOGRAFIA DE CALCANEO IZQUIERDO FRENTE Y PERFIL,6331381000999102,1,1,0,RADIOLOGIA
33157581000999116,RADIOGRAFIA DE CALCANEO PERFIL,6386021000999100,1,1,0,RADIOLOGIA
21469791000999116,RADIOGRAFIA DE CALOTA CRANEANA,4485541000999109,1,1,0,RADIOLOGIA
14462371000999119,RADIOGRAFIA DE CAVUM,1835891000999108,1,1,0,RADIOLOGIA
15507931000999116,RADIOGRAFIA DE CAVUM DE PERFIL,1765061000999101,1,1,0,RADIOLOGIA
33132591000999115,RADIOGRAFIA DE CHARNELA DORSOLUMBAR FRENTE Y PERFIL,6424521000999100,1,1,0,RADIOLOGIA
33148571000999118,RADIOGRAFIA DE CHARNELA LUMBOSACRA,6425271000999101,1,1,0,RADIOLOGIA
33132681000999119,RADIOGRAFIA DE CHARNELA LUMBOSACRA FRENTE Y PERFIL,6424541000999106,1,1,0,RADIOLOGIA
32140221000999111,RADIOGRAFIA DE CINTURA ESCAPULAR,6386031000999102,1,1,0,RADIOLOGIA
31444961000999119,RADIOGRAFIA DE CLAVICULA,6426591000999106,1,1,0,RADIOLOGIA
15504771000999110,RADIOGRAFIA DE CLAVICULA DE FRENTE Y AXIAL,1764581000999102,1,1,0,RADIOLOGIA
31180721000999111,RADIOGRAFIA DE CLAVICULA IZQUIERDA,6385921000999106,1,1,0,RADIOLOGIA
9601351000999115,RADIOGRAFIA DE CODO,743001000999108,1,1,0,RADIOLOGIA
15504461000999110,RADIOGRAFIA DE CODO DE FRENTE Y PERFIL,1764541000999107,1,1,0,RADIOLOGIA
14462501000999115,RADIOGRAFIA DE CODO DERECHO,1682681000999102,1,1,0,RADIOLOGIA
31007571000999110,RADIOGRAFIA DE CODO DERECHO FRENTE Y PERFIL,6325471000999107,1,1,0,RADIOLOGIA
14462541000999118,RADIOGRAFIA DE CODO IZQUIERDO,1682731000999106,1,1,0,RADIOLOGIA
31007621000999113,RADIOGRAFIA DE CODO IZQUIERDO FRENTE Y PERFIL,6325481000999105,1,1,0,RADIOLOGIA
31021621000999111,RADIOGRAFIA DE COLUMNA ATLOIDEA AXOIDEA,6327751000999103,1,1,0,RADIOLOGIA
28723331000999111,RADIOGRAFIA DE COLUMNA CERVICAL (FRONTAL Y LATERAL),6141331000999106,1,1,0,RADIOLOGIA
30840361000999110,RADIOGRAFIA DE COLUMNA CERVICAL DE FRENTE PERFIL Y OBLICUA,6316331000999102,1,1,0,RADIOLOGIA
15499241000999115,RADIOGRAFIA DE COLUMNA CERVICAL FRENTE Y PERFIL,1763951000999101,1,1,0,RADIOLOGIA
31069861000999112,"RADIOGRAFIA DE COLUMNA CERVICAL FRENTE, PERFIL Y OBLICUAS",6333351000999108,1,1,0,RADIOLOGIA
31105591000999112,RADIOGRAFIA DE COLUMNA CERVICAL Y DORSAL FRENTE Y PERFIL,6336931000999106,1,1,0,RADIOLOGIA
31151111000999118,RADIOGRAFIA DE COLUMNA CERVICAL Y LUMBAR FRENTE Y PERFIL,6341211000999104,1,1,0,RADIOLOGIA
31106061000999118,"RADIOGRAFIA DE COLUMNA CERVICAL, DORSAL Y LUMBAR FRENTE Y PERFIL",6337011000999100,1,1,0,RADIOLOGIA
31070991000999110,"RADIOGRAFIA DE COLUMNA CERVICAL, DORSAL Y LUMBOSACRA FRENTE Y PERFIL",6333501000999100,1,1,0,RADIOLOGIA
31071081000999115,RADIOGRAFIA DE COLUMNA DORSAL FRENTE Y PERFIL,6333511000999102,1,1,0,RADIOLOGIA
31071311000999111,RADIOGRAFIA DE COLUMNA DORSAL PERFIL,6333561000999104,1,1,0,RADIOLOGIA
31072021000999113,RADIOGRAFIA DE COLUMNA DORSAL Y LUMBAR FRENTE Y PERFIL,6333741000999107,1,1,0,RADIOLOGIA
9341561000999110,RADIOGRAFIA DE COLUMNA DORSAL Y LUMBOSACRA,406351000999101,1,1,0,RADIOLOGIA
9341601000999110,RADIOGRAFIA DE COLUMNA DORSOLUMBAR,6316061000999108,1,1,0,RADIOLOGIA
31071831000999114,RADIOGRAFIA DE COLUMNA DORSOLUMBAR FRENTE,6333671000999109,1,1,0,RADIOLOGIA
31071911000999110,RADIOGRAFIA DE COLUMNA DORSOLUMBAR FRENTE Y PERFIL,6333701000999105,1,1,0,RADIOLOGIA
14462661000999118,RADIOGRAFIA DE COLUMNA LUMBAR,329191000999102,1,1,0,RADIOLOGIA
31072961000999119,RADIOGRAFIA DE COLUMNA LUMBAR FRENTE Y PERFIL,6333881000999106,1,1,0,RADIOLOGIA
31073051000999114,"RADIOGRAFIA DE COLUMNA LUMBAR FRENTE, PERFIL Y OBLICUAS",6333911000999106,1,1,0,RADIOLOGIA
31073381000999116,RADIOGRAFIA DE COLUMNA LUMBAR PERFIL,6333981000999100,1,1,0,RADIOLOGIA
30958011000999118,RADIOGRAFIA DE COLUMNA LUMBOSACRA FRENTE,6321591000999109,1,1,0,RADIOLOGIA
32139781000999114,RADIOGRAFIA DE COLUMNA LUMBOSACRA FRENTE PERFIL Y OBLICUA BILATERAL,6385991000999108,1,1,0,RADIOLOGIA
31628501000999115,RADIOGRAFIA DE COLUMNA LUMBOSACRA FRENTE Y PERFIL,6363011000999101,1,1,0,RADIOLOGIA
30958601000999112,RADIOGRAFIA DE COLUMNA LUMBOSACRA FRENTE Y PERFIL DE PIE,6321651000999103,1,1,0,RADIOLOGIA
32960211000999110,RADIOGRAFIA DE COLUMNA LUMBOSACRA OBLICUA,6419401000999100,1,1,0,RADIOLOGIA
33461331000999113,RADIOGRAFIA DE COLUMNA LUMBOSACRA OBLICUA BILATERAL,6432831000999106,1,1,0,RADIOLOGIA
30958041000999119,RADIOGRAFIA DE COLUMNA LUMBOSACRA PERFIL,6321601000999102,1,1,0,RADIOLOGIA
32099431000999116,RADIOGRAFIA DE COLUMNA LUMBOSACROCOCCIGEA,6385081000999106,1,1,0,RADIOLOGIA
33157031000999112,RADIOGRAFIA DE COLUMNA LUMBOSACROCOCCIGEA FRENTE Y PERFIL,6425711000999100,1,1,0,RADIOLOGIA
15507021000999118,RADIOGRAFIA DE COMPLEMENTO DE CRANEO CARA,1764881000999104,1,1,0,RADIOLOGIA
15518131000999115,RADIOGRAFIA DE COSTILLAS,1766391000999104,1,1,0,RADIOLOGIA
32140591000999111,RADIOGRAFIA DE COXIS,6386041000999106,1,1,0,RADIOLOGIA
33246781000999113,RADIOGRAFIA DE COXIS FRENTE Y PERFIL,6426571000999105,1,1,0,RADIOLOGIA
9341631000999115,RADIOGRAFIA DE CRANEO,334551000999102,1,1,0,RADIOLOGIA
29137931000999113,RADIOGRAFIA DE CRANEO FRENTE Y PERFIL,1764301000999101,1,1,0,RADIOLOGIA
30959791000999118,RADIOGRAFIA DE CRANEO PERFIL,6321911000999109,1,1,0,RADIOLOGIA
24509521000999111,RADIOGRAFIA DE CUELLO,6385931000999109,1,1,0,RADIOLOGIA
15507101000999114,RADIOGRAFIA DE CUELLO DE FRENTE Y PERFIL LARINGE Y FARINGE,1764891000999101,1,1,0,RADIOLOGIA
27287961000999117,RADIOGRAFIA DE CUELLO FRENTE,6327611000999106,1,1,0,RADIOLOGIA
24371571000999116,RADIOGRAFÍA DE CUELLO FRENTE Y PERFIL,6327671000999103,1,1,0,RADIOLOGIA
30827271000999113,RADIOGRAFIA DE DEDO DE LA MANO,6315561000999109,1,1,0,RADIOLOGIA
30827341000999112,RADIOGRAFIA DE DEDO DE LA MANO DE FRENTE Y PERFIL,6315571000999103,1,1,0,RADIOLOGIA
30835091000999113,RADIOGRAFIA DE DEDO DE LA MANO DERECHA,6315991000999106,1,1,0,RADIOLOGIA
30827011000999111,RADIOGRAFIA DE DEDO DEL PIE,6315541000999105,1,1,0,RADIOLOGIA
30835161000999119,RADIOGRAFIA DE DEDO DEL PIE DERECHO,6316001000999107,1,1,0,RADIOLOGIA
15499061000999111,RADIOGRAFIA DE DEDOS DE LA MANO FRENTE Y PERFIL,1763941000999103,1,1,0,RADIOLOGIA
30826991000999118,RADIOGRAFIA DE DEDOS DEL PIE DERECHO,6315531000999101,1,1,0,RADIOLOGIA
33038101000999113,RADIOGRAFIA DE ESCAPULA,6426601000999104,1,1,0,RADIOLOGIA
33275661000999116,RADIOGRAFIA DE ESCAPULA DERECHA,6427531000999109,1,1,0,RADIOLOGIA
27421441000999110,RADIOGRAFIA DE ESCAPULA IZQUIERDA,6426611000999101,1,1,0,RADIOLOGIA
15507141000999111,RADIOGRAFIA DE ESTERNON DE FRENTE Y PERFIL,1764901000999102,1,1,0,RADIOLOGIA
9341701000999116,RADIOGRAFIA DE FEMUR,408981000999108,1,1,0,RADIOLOGIA
14462871000999111,RADIOGRAFIA DE FEMUR DERECHO,1682591000999103,1,1,0,RADIOLOGIA
31026551000999113,RADIOGRAFIA DE FEMUR DERECHO FRENTE,6328991000999106,1,1,0,RADIOLOGIA
26180141000999119,RADIOGRAFIA DE FEMUR DERECHO FRENTE Y PERFIL,6328941000999103,1,1,0,RADIOLOGIA
33221191000999119,RADIOGRAFIA DE FEMUR DISTAL,6426091000999101,1,1,0,RADIOLOGIA
33157791000999113,RADIOGRAFIA DE FEMUR DISTAL FRENTE Y PERFIL,6425751000999104,1,1,0,RADIOLOGIA
9239551000999119,RADIOGRAFIA DE FEMUR IZQUIERDO,406331000999107,1,1,0,RADIOLOGIA
31026501000999114,RADIOGRAFIA DE FEMUR IZQUIERDO FRENTE Y PERFIL,6328981000999108,1,1,0,RADIOLOGIA
33221241000999119,RADIOGRAFIA DE FEMUR PROXIMAL,6426101000999106,1,1,0,RADIOLOGIA
27643521000999119,RADIOGRAFIA DE FRENTE DEL PIE,6032491000999102,1,1,0,RADIOLOGIA
11413701000999113,RADIOGRAFIA DE HOMBRO,1327081000999106,1,1,0,RADIOLOGIA
33462361000999113,RADIOGRAFIA DE HOMBRO DE FRENTE PERFIL Y ROTACION EXTERNA E INTERNA,1764571000999100,1,1,0,RADIOLOGIA
33462381000999116,RADIOGRAFIA DE HOMBRO DE FRENTE Y ROTACION EXTERNA E INTERNA,6426211000999104,1,1,0,RADIOLOGIA
9601391000999113,RADIOGRAFIA DE HOMBRO DERECHO,743021000999104,1,1,0,RADIOLOGIA
30960861000999115,RADIOGRAFIA DE HOMBRO DERECHO FRENTE,6322101000999104,1,1,0,RADIOLOGIA
30960761000999112,RADIOGRAFIA DE HOMBRO DERECHO FRENTE Y PERFIL,6322081000999106,1,1,0,RADIOLOGIA
21401981000999117,RADIOGRAFIA DE HOMBRO IZQUIERDO,4481691000999100,1,1,0,RADIOLOGIA
30961161000999119,RADIOGRAFIA DE HOMBRO IZQUIERDO FRENTE,6322161000999103,1,1,0,RADIOLOGIA
30962351000999110,RADIOGRAFIA DE HOMBRO IZQUIERDO FRENTE Y PERFIL,6322411000999107,1,1,0,RADIOLOGIA
27714551000999110,RADIOGRAFIA DE HUESOS PROPIOS DE LA NARIZ,6036951000999101,1,1,0,RADIOLOGIA
33074471000999118,RADIOGRAFIA DE HUMERO,6423421000999102,1,1,0,RADIOLOGIA
15504641000999113,RADIOGRAFIA DE HUMERO DE FRENTE Y PERFIL CON ROTACION INTERNA Y EXTERNA,1764561000999106,1,1,0,RADIOLOGIA
33083621000999112,RADIOGRAFIA DE HUMERO DERECHO,6423771000999107,1,1,0,RADIOLOGIA
33083711000999112,RADIOGRAFIA DE HUMERO DERECHO FRENTE Y PERFIL,6423791000999108,1,1,0,RADIOLOGIA
27545931000999117,RADIOGRAFIA DE HUMERO FRENTE Y PERFIL,6423801000999109,1,1,0,RADIOLOGIA
28100581000999110,RADIOGRAFIA DE HUMERO IZQUIERDO,6423811000999107,1,1,0,RADIOLOGIA
33221421000999112,RADIOGRAFIA DE HUMERO IZQUIERDO FRENTE Y PERFIL,6426141000999108,1,1,0,RADIOLOGIA
33221471000999113,RADIOGRAFIA DE HUMERO PROXIMAL,6426151000999105,1,1,0,RADIOLOGIA
33221681000999114,RADIOGRAFIA DE HUMERO PROXIMAL FRENTE Y PERFIL,6426181000999103,1,1,0,RADIOLOGIA
21400571000999115,RADIOGRAFIA DE LA ARTICULACION ACROMIOCLAVICULAR,4481531000999103,1,1,0,RADIOLOGIA
33244901000999114,RADIOGRAFIA DE LA ARTICULACION ACROMIOCLAVICULAR BILATERAL,6426481000999109,1,1,0,RADIOLOGIA
15506931000999119,RADIOGRAFIA DE LA ARTICULACION TEMPOROMANDIBULAR,1764871000999102,1,1,0,RADIOLOGIA
15503521000999116,RADIOGRAFIA DE LA CARA,1764311000999103,1,1,0,RADIOLOGIA
9341421000999116,RADIOGRAFIA DE LA COLUMNA CERVICAL,330931000999106,1,1,0,RADIOLOGIA
16356191000999111,RADIOGRAFIA DE LA COLUMNA CERVICAL DE FRENTE Y PERFIL EN FLEXION,1838141000999103,1,1,0,RADIOLOGIA
21463341000999114,RADIOGRAFIA DE LA COLUMNA CERVICAL Y DORSAL,4485021000999109,1,1,0,RADIOLOGIA
21469471000999111,RADIOGRAFIA DE LA COLUMNA CERVICAL Y LUMBOSACRA,4485531000999100,1,1,0,RADIOLOGIA
11510141000999110,RADIOGRAFIA DE LA COLUMNA DORSAL,1343961000999106,1,1,0,RADIOLOGIA
15508041000999111,RADIOGRAFIA DE LA COLUMNA DORSAL DE FRENTE Y PERFIL,1765071000999107,1,1,0,RADIOLOGIA
15507841000999116,RADIOGRAFIA DE LA COLUMNA DORSOLUMBAR DE FRENTE Y PERFIL,1765041000999100,1,1,0,RADIOLOGIA
15508091000999115,RADIOGRAFIA DE LA COLUMNA LUMBAR DE FRENTE Y PERFIL,1765081000999105,1,1,0,RADIOLOGIA
15505991000999112,RADIOGRAFIA DE LA COLUMNA LUMBAR FUNCIONAL DE FRENTE Y PERFIL,1764751000999101,1,1,0,RADIOLOGIA
11366201000999119,RADIOGRAFIA DE LA COLUMNA LUMBOSACRA,1314451000999105,1,1,0,RADIOLOGIA
32958601000999115,RADIOGRAFIA DE LA COLUMNA SACROCOCCIGEA,4484101000999102,1,1,0,RADIOLOGIA
32958711000999112,RADIOGRAFIA DE LA COLUMNA SACROCOCCIGEA DE FRENTE Y PERFIL,6327871000999104,1,1,0,RADIOLOGIA
9341621000999118,RADIOGRAFIA DE LA COLUMNA VERTEBRAL,330951000999100,1,1,0,RADIOLOGIA
15503851000999114,RADIOGRAFIA DE LA MANO DE FRENTE Y OBLICUA,1764371000999106,1,1,0,RADIOLOGIA
11362271000999111,RADIOGRAFIA DE LA MANO DERECHA,1313691000999100,1,1,0,RADIOLOGIA
33276131000999110,RADIOGRAFIA DE LA MANO DERECHA CON ENFOQUE EN EL SEGUNDO DEDO,6427591000999108,1,1,0,RADIOLOGIA
33276071000999112,RADIOGRAFIA DE LA MANO DERECHA CON ENFOQUE EN ESCAFOIDES,6427581000999105,1,1,0,RADIOLOGIA
21371901000999112,RADIOGRAFIA DE LA MANO IZQUIERDA,4480021000999100,1,1,0,RADIOLOGIA
32961521000999110,RADIOGRAFIA DE LA MANO IZQUIERDA CON ENFOQUE EN EL QUINTO DEDO,6419631000999105,1,1,0,RADIOLOGIA
33276151000999116,RADIOGRAFIA DE LA MANO IZQUIERDA CON ENFOQUE EN LA TERCER FALANGE DEL QUINTO DEDO ,6427601000999101,1,1,0,RADIOLOGIA
15517461000999117,RADIOGRAFIA DE LA MUÑECA,1766261000999102,1,1,0,RADIOLOGIA
15518851000999115,RADIOGRAFIA DE LA PARRILLA COSTAL,1766561000999100,1,1,0,RADIOLOGIA
15505701000999116,RADIOGRAFIA DE LA PELVIS O CADERA DE FRENTE Y PERFIL,1764731000999107,1,1,0,RADIOLOGIA
9341711000999118,RADIOGRAFIA DE LA PIERNA,337161000999101,1,1,0,RADIOLOGIA
15505431000999118,RADIOGRAFIA DE LA PIERNA DE FRENTE Y PERFIL,1764691000999100,1,1,0,RADIOLOGIA
30839251000999113,RADIOGRAFIA DE LA PIERNA DERECHA,6316301000999109,1,1,0,RADIOLOGIA
32898611000999117,RADIOGRAFIA DE LA PIERNA DERECHA DE FRENTE Y PERFIL,6329511000999101,1,1,0,RADIOLOGIA
32898721000999117,RADIOGRAFIA DE LA PIERNA IZQUIERDA,6414261000999101,1,1,0,RADIOLOGIA
30839171000999110,RADIOGRAFIA DE LA PIERNA IZQUIERDA DE FRENTE Y PERFIL,6316291000999108,1,1,0,RADIOLOGIA
15507871000999111,RADIOGRAFIA DE LA SILLA TURCA DE FRENTE Y PERFIL,1765051000999103,1,1,0,RADIOLOGIA
15517761000999111,RADIOGRAFIA DE LA TRAQUEA,1766311000999108,1,1,0,RADIOLOGIA
16355931000999116,RADIOGRAFIA DE LOGIA SUBMAXILAR CON MAXILAR DESENFILADO,1838081000999107,1,1,0,RADIOLOGIA
15504921000999111,RADIOGRAFIA DE LOS DEDOS DEL PIE DE FRENTE Y OBLICUA,1764611000999109,1,1,0,RADIOLOGIA
16338971000999111,RADIOGRAFIA DE LOS SENOS FACIALES,1835921000999103,1,1,0,RADIOLOGIA
33148421000999118,RADIOGRAFIA DE LOS SENOS FRONTALES,6425241000999108,1,1,0,RADIOLOGIA
33148361000999118,RADIOGRAFIA DE LOS SENOS FRONTO MAXILOFACIALES,6425231000999104,1,1,0,RADIOLOGIA
31036301000999115,RADIOGRAFIA DE MACIZO FACIAL DE FRENTE Y PERFIL,6330421000999104,1,1,0,RADIOLOGIA
16490671000999116,RADIOGRAFIA DE MANO,1852161000999102,1,1,0,RADIOLOGIA
31022381000999114,RADIOGRAFIA DE MANO DERECHA FRENTE,6327901000999104,1,1,0,RADIOLOGIA
31009021000999110,RADIOGRAFIA DE MANO DERECHA FRENTE Y PERFIL,6325731000999104,1,1,0,RADIOLOGIA
32090261000999118,RADIOGRAFIA DE MANO FRENTE Y PERFIL,6384801000999108,1,1,0,RADIOLOGIA
31234141000999115,RADIOGRAFIA DE MANO IZQUIERDA FRENTE Y PERFIL,6348081000999106,1,1,0,RADIOLOGIA
33220971000999112,RADIOGRAFIA DE MANO Y MUÑECA DERECHA,6426071000999102,1,1,0,RADIOLOGIA
31269551000999118,RADIOGRAFIA DE MANO Y MUÑECA IZQUIERDA,6336181000999109,1,1,0,RADIOLOGIA
33220881000999116,RADIOGRAFIA DE MANO Y MUÑECA IZQUIERDA PARA DETERMINACION DE EDAD OSEA,6426061000999108,1,1,0,RADIOLOGIA
33220441000999111,RADIOGRAFIA DE MAXILAR INFERIOR,6425991000999106,1,1,0,RADIOLOGIA
33220491000999115,RADIOGRAFIA DE MAXILAR INFERIOR FRENTE Y PERFIL,6426001000999107,1,1,0,RADIOLOGIA
33220531000999115,RADIOGRAFIA DE MIEMBRO INFERIOR DERECHO,6426011000999105,1,1,0,RADIOLOGIA
15499291000999111,RADIOGRAFIA DE MIEMBRO SUPERIOR,1763961000999104,1,1,0,RADIOLOGIA
33220571000999117,RADIOGRAFIA DE MIEMBRO SUPERIOR IZQUIERDO FRENTE Y PERFIL,6426021000999103,1,1,0,RADIOLOGIA
14463101000999117,RADIOGRAFIA DE MUÑECA DERECHA,6426041000999109,1,1,0,RADIOLOGIA
31005501000999111,RADIOGRAFIA DE MUÑECA DERECHA FRENTE Y PERFIL,6324971000999103,1,1,0,RADIOLOGIA
33220781000999113,RADIOGRAFIA DE MUÑECA IZQUIERDA,6426051000999106,1,1,0,RADIOLOGIA
31006111000999112,RADIOGRAFIA DE MUÑECA IZQUIERDA FRENTE Y PERFIL,6325121000999103,1,1,0,RADIOLOGIA
15505521000999117,RADIOGRAFIA DE MUSLO O FEMUR DE FRENTE Y PERFIL,1764711000999102,1,1,0,RADIOLOGIA
15506801000999116,RADIOGRAFIA DE OIDO CHAUSSE III BILATERAL,1764851000999106,1,1,0,RADIOLOGIA
15506841000999119,RADIOGRAFIA DE OIDO GUILLEN BILATERAL,1764861000999108,1,1,0,RADIOLOGIA
15506361000999111,RADIOGRAFIA DE OIDO SCHULLER BILATERAL,1764811000999105,1,1,0,RADIOLOGIA
33217141000999114,RADIOGRAFIA DE PARRILLA COSTAL DERECHA,6425851000999109,1,1,0,RADIOLOGIA
33217171000999119,RADIOGRAFIA DE PARRILLA COSTAL DERECHA FRENTE Y PERFIL,6425861000999106,1,1,0,RADIOLOGIA
33217221000999112,RADIOGRAFIA DE PARRILLA COSTAL FRENTE Y PERFIL,6425871000999100,1,1,0,RADIOLOGIA
25191481000999114,RADIOGRAFIA DE PARRILLA COSTAL IZQUIERDA,6425881000999102,1,1,0,RADIOLOGIA
33217501000999118,RADIOGRAFIA DE PARTES BLANDAS DE LA REGION PERIAREOLAR DERECHA,6425891000999104,1,1,0,RADIOLOGIA
9601311000999116,RADIOGRAFIA DE PELVIS,330941000999102,1,1,0,RADIOLOGIA
31025181000999116,RADIOGRAFIA DE PELVIS FRENTE,6328601000999109,1,1,0,RADIOLOGIA
31024911000999111,RADIOGRAFIA DE PELVIS FRENTE DE PIE,6328521000999104,1,1,0,RADIOLOGIA
33276261000999113,RADIOGRAFIA DE PELVIS FRENTE PERFIL Y LOWENSTEIN,6427611000999103,1,1,0,RADIOLOGIA
33219221000999115,RADIOGRAFIA DE PELVIS FRENTE Y CADERA DERECHA,6425981000999108,1,1,0,RADIOLOGIA
33219181000999111,RADIOGRAFIA DE PELVIS FRENTE Y CADERA IZQUIERDA ,6425971000999105,1,1,0,RADIOLOGIA
33218001000999112,RADIOGRAFIA DE PELVIS FRENTE Y LOWENSTEIN,6425911000999102,1,1,0,RADIOLOGIA
31025241000999118,RADIOGRAFIA DE PELVIS FRENTE Y PERFIL,6328621000999100,1,1,0,RADIOLOGIA
33218671000999114,RADIOGRAFIA DE PELVIS FRENTE Y PERFIL DE CADERA DERECHA,6425951000999101,1,1,0,RADIOLOGIA
33218951000999112,RADIOGRAFIA DE PELVIS FRENTE Y PERFIL DE CADERA IZQUIERDA,6425961000999104,1,1,0,RADIOLOGIA
31025361000999111,"RADIOGRAFIA DE PELVIS FRENTE, OUTLET E INLET",6328651000999108,1,1,0,RADIOLOGIA
31025301000999110,RADIOGRAFIA DE PELVIS INLET,6328641000999106,1,1,0,RADIOLOGIA
31025451000999115,RADIOGRAFIA DE PELVIS OUTLET,6328671000999104,1,1,0,RADIOLOGIA
33217951000999113,RADIOGRAFIA DE PELVIS OUTLET E INLET,6425901000999100,1,1,0,RADIOLOGIA
33218071000999119,RADIOGRAFIA DE PELVIS Y AMBAS CADERAS,6425921000999109,1,1,0,RADIOLOGIA
33218121000999119,RADIOGRAFIA DE PELVIS Y AMBAS CADERAS PERFIL,6425931000999107,1,1,0,RADIOLOGIA
33218251000999115,RADIOGRAFIA DE PELVIS Y CADERA DERECHA DE PERFIL,6425941000999103,1,1,0,RADIOLOGIA
32898091000999117,RADIOGRAFIA DE PIE CON ENFOQUE AL QUINTO DEDO ,6414251000999103,1,1,0,RADIOLOGIA
30659321000999118,RADIOGRAFIA DE PIE DE FRENTE Y PERFIL,6308951000999106,1,1,0,RADIOLOGIA
30661961000999116,RADIOGRAFIA DE PIE DE FRENTE Y PERFIL EN APOYO,6309071000999106,1,1,0,RADIOLOGIA
21402121000999110,RADIOGRAFIA DE PIE DERECHO,4481711000999102,1,1,0,RADIOLOGIA
30838491000999114,RADIOGRAFIA DE PIE DERECHO CON ENFOQUE EN PRIMER DEDO DEL PIE,6316241000999100,1,1,0,RADIOLOGIA
30660721000999118,RADIOGRAFIA DE PIE DERECHO FRENTE PERFIL Y OBLICUA,6309041000999104,1,1,0,RADIOLOGIA
30660691000999110,RADIOGRAFIA DE PIE DERECHO FRENTE PERFIL Y OBLICUA EN APOYO,6309031000999108,1,1,0,RADIOLOGIA
27000651000999117,RADIOGRAFIA DE PIE DERECHO FRENTE Y PERFIL,6308961000999108,1,1,0,RADIOLOGIA
30660671000999114,RADIOGRAFIA DE PIE DERECHO FRENTE Y PERFIL EN APOYO,6309021000999105,1,1,0,RADIOLOGIA
21469981000999117,RADIOGRAFIA DE PIE DERECHO PERFIL,4485551000999106,1,1,0,RADIOLOGIA
30661001000999118,RADIOGRAFIA DE PIE FRENTE PERFIL Y OBLICUA,6309051000999102,1,1,0,RADIOLOGIA
21402221000999118,RADIOGRAFIA DE PIE IZQUIERDO,4481731000999107,1,1,0,RADIOLOGIA
30662341000999112,RADIOGRAFIA DE PIE IZQUIERDO FRENTE,6309121000999106,1,1,0,RADIOLOGIA
30662291000999114,RADIOGRAFIA DE PIE IZQUIERDO FRENTE PERFIL Y OBLICUA,6309111000999104,1,1,0,RADIOLOGIA
29309411000999119,RADIOGRAFIA DE PIE IZQUIERDO FRENTE Y PERFIL,6309081000999109,1,1,0,RADIOLOGIA
32146551000999115,RADIOGRAFIA DE PIE IZQUIERDO FRENTE Y PERFIL DE PIE,6386231000999106,1,1,0,RADIOLOGIA
30662261000999119,RADIOGRAFIA DE PIE IZQUIERDO FRENTE Y PERFIL EN APOYO,6309101000999102,1,1,0,RADIOLOGIA
30662731000999116,RADIOGRAFIA DE PIE IZQUIERDO PERFIL,6309131000999109,1,1,0,RADIOLOGIA
33315111000999110,RADIOGRAFIA DE PUÑO,6427871000999105,1,1,0,RADIOLOGIA
33460971000999117,RADIOGRAFIA DE PUÑO DE FRENTE,6432771000999101,1,1,0,RADIOLOGIA
33462591000999114,RADIOGRAFIA DE PUÑO DE FRENTE Y PERFIL,1764421000999100,1,1,0,RADIOLOGIA
33463551000999110,RADIOGRAFIA DE PUÑO DE PERFIL,6433001000999102,1,1,0,RADIOLOGIA
33315151000999111,RADIOGRAFIA DE PUÑO DERECHO,6427881000999108,1,1,0,RADIOLOGIA
33314811000999117,RADIOGRAFIA DE PUÑO DERECHO DE FRENTE Y PERFIL,6427821000999109,1,1,0,RADIOLOGIA
15504121000999113,RADIOGRAFIA DE PUÑO FUNCIONAL DE FRENTE Y PERFIL,1764441000999106,1,1,0,RADIOLOGIA
33315181000999116,RADIOGRAFIA DE PUÑO IZQUIERDO,6427891000999106,1,1,0,RADIOLOGIA
33314991000999119,RADIOGRAFIA DE PUÑO IZQUIERDO DE FRENTE Y PERFIL,6427861000999104,1,1,0,RADIOLOGIA
33466651000999116,RADIOGRAFIA DE PUÑO Y MANO,6433101000999103,1,1,0,RADIOLOGIA
33465911000999118,RADIOGRAFIA DE PUÑO Y MANO DERECHA,6433061000999101,1,1,0,RADIOLOGIA
33466131000999115,RADIOGRAFIA DE PUÑO Y MANO DERECHA DE FRENTE Y PERFIL,6433071000999107,1,1,0,RADIOLOGIA
33465801000999114,RADIOGRAFIA DE PUÑO Y MANO IZQUIERDA,6433041000999100,1,1,0,RADIOLOGIA
33465861000999110,RADIOGRAFIA DE PUÑO Y MANO IZQUIERDA DE FRENTE Y PERFIL,6433051000999103,1,1,0,RADIOLOGIA
11362251000999119,RADIOGRAFIA DE RODILLA,1313681000999103,1,1,0,RADIOLOGIA
32902121000999112,RADIOGRAFIA DE RODILLA DE FRENTE PERFIL EN APOYO Y AXIAL DE ROTULA,6414481000999109,1,1,0,RADIOLOGIA
32902061000999118,RADIOGRAFIA DE RODILLA DE FRENTE PERFIL Y AXIAL DE ROTULA,6414471000999106,1,1,0,RADIOLOGIA
32143941000999116,RADIOGRAFIA DE RODILLA DE FRENTE PERFIL Y AXIAL DE ROTULA A 45 GRADOS,6386151000999107,1,1,0,RADIOLOGIA
32901821000999114,RADIOGRAFIA DE RODILLA DE FRENTE PERFIL Y OBLICUA,6414441000999104,1,1,0,RADIOLOGIA
15507521000999112,RADIOGRAFIA DE RODILLA DE FRENTE Y PERFIL,1764991000999108,1,1,0,RADIOLOGIA
30838631000999113,RADIOGRAFIA DE RODILLA DE FRENTE Y PERFIL EN APOYO,6316251000999103,1,1,0,RADIOLOGIA
11350321000999111,RADIOGRAFIA DE RODILLA DERECHA,1310691000999106,1,1,0,RADIOLOGIA
32982221000999116,RADIOGRAFIA DE RODILLA DERECHA DE FRENTE EN APOYO MONOPODALICO,6329361000999109,1,1,0,RADIOLOGIA
32982291000999119,RADIOGRAFIA DE RODILLA DERECHA DE FRENTE EN APOYO MONOPODALICO Y AXIAL DE ROTULA,6420081000999102,1,1,0,RADIOLOGIA
32902361000999116,RADIOGRAFIA DE RODILLA DERECHA DE FRENTE PERFIL EN APOYO Y AXIAL DE ROTULA,6414491000999107,1,1,0,RADIOLOGIA
30955101000999110,RADIOGRAFIA DE RODILLA DERECHA DE FRENTE PERFIL Y OBLICUA,6321271000999105,1,1,0,RADIOLOGIA
32902771000999114,RADIOGRAFIA DE RODILLA DERECHA DE FRENTE Y OBLICUA,6414531000999107,1,1,0,RADIOLOGIA
21459981000999111,RADIOGRAFIA DE RODILLA DERECHA DE FRENTE Y PERFIL,4484781000999106,1,1,0,RADIOLOGIA
32902821000999119,RADIOGRAFIA DE RODILLA DERECHA DE FRENTE Y PERFIL DE PIE,6386171000999103,1,1,0,RADIOLOGIA
30768701000999118,RADIOGRAFIA DE RODILLA DERECHA DE FRENTE Y PERFIL EN APOYO,6313801000999109,1,1,0,RADIOLOGIA
32982241000999110,RADIOGRAFIA DE RODILLA DERECHA DE FRENTE Y PERFIL EN APOYO MONOPODALICO,6329371000999103,1,1,0,RADIOLOGIA
32982251000999112,RADIOGRAFIA DE RODILLA DERECHA DE FRENTE Y PERFIL EN APOYO MONOPODALICO Y AXIAL DE ROTULA,6420061000999106,1,1,0,RADIOLOGIA
32901881000999113,RADIOGRAFIA DE RODILLA DERECHA EN APOYO,6414461000999100,1,1,0,RADIOLOGIA
32982591000999116,RADIOGRAFIA DE RODILLA DERECHA EN APOYO MONOPODALICO,6420111000999107,1,1,0,RADIOLOGIA
31027231000999115,"RADIOGRAFIA DE RODILLA DERECHA FRENTE, PERFIL Y AXIAL DE ROTULA",6329171000999100,1,1,0,RADIOLOGIA
32902711000999118,RADIOGRAFIA DE RODILLA DERECHA Y AXIAL DE ROTULA,6414521000999109,1,1,0,RADIOLOGIA
30768451000999114,RADIOGRAFIA DE RODILLA EN APOYO,6313751000999103,1,1,0,RADIOLOGIA
15505471000999115,RADIOGRAFIA DE RODILLA EN APOYO MONOPODAL,1764701000999100,1,1,0,RADIOLOGIA
11350331000999114,RADIOGRAFIA DE RODILLA IZQUIERDA,1310701000999106,1,1,0,RADIOLOGIA
32983891000999111,RADIOGRAFIA DE RODILLA IZQUIERDA DE FRENTE EN APOYO MONOPODALICO,6329301000999108,1,1,0,RADIOLOGIA
21461051000999110,RADIOGRAFIA DE RODILLA IZQUIERDA DE FRENTE Y PERFIL,4484821000999101,1,1,0,RADIOLOGIA
32144261000999110,RADIOGRAFIA DE RODILLA IZQUIERDA DE FRENTE Y PERFIL DE PIE,6386181000999100,1,1,0,RADIOLOGIA
30632671000999119,RADIOGRAFIA DE RODILLA IZQUIERDA DE FRENTE Y PERFIL EN APOYO,6308781000999101,1,1,0,RADIOLOGIA
30768031000999111,RADIOGRAFIA DE RODILLA IZQUIERDA DE FRENTE Y PERFIL EN APOYO MONOPODAL Y AXIAL DE ROTULA A 30 GRADOS,6313711000999104,1,1,0,RADIOLOGIA
32983911000999113,RADIOGRAFIA DE RODILLA IZQUIERDA DE FRENTE Y PERFIL EN APOYO MONOPODALICO,6329381000999100,1,1,0,RADIOLOGIA
31027461000999112,"RADIOGRAFIA DE RODILLA IZQUIERDA FRENTE, PERFIL Y AXIAL DE ROTULA",6329231000999108,1,1,0,RADIOLOGIA
32099401000999111,RADIOGRAFIA DE SACRO,6385071000999108,1,1,0,RADIOLOGIA
30978341000999119,RADIOGRAFIA DE SACRO PERFIL,6323481000999106,1,1,0,RADIOLOGIA
15517581000999113,RADIOGRAFIA DE SENOS FACIALES Y PARANASALES,1766281000999106,1,1,0,RADIOLOGIA
16355751000999112,RADIOGRAFIA DE SENOS PARANASALES CON ENFOQUES FRONTO NASO Y MENTO NASO,1838061000999103,1,1,0,RADIOLOGIA
33249641000999119,RADIOGRAFIA DE TALON,6385951000999103,1,1,0,RADIOLOGIA
33249661000999115,RADIOGRAFIA DE TALON DERECHO,6426741000999107,1,1,0,RADIOLOGIA
27314891000999115,RADIOGRAFIA DE TALON FRENTE Y PERFIL,6384871000999103,1,1,0,RADIOLOGIA
33249311000999112,RADIOGRAFIA DE TALON IZQUIERDO,6426731000999103,1,1,0,RADIOLOGIA
33076001000999110,RADIOGRAFIA DE TIBIA DERECHA,6423481000999103,1,1,0,RADIOLOGIA
33076071000999117,RADIOGRAFIA DE TIBIA DERECHA FRENTE Y PERFIL,6423491000999100,1,1,0,RADIOLOGIA
26302701000999114,RADIOGRAFIA DE TIBIA IZQUIERDA,6423471000999101,1,1,0,RADIOLOGIA
15517641000999119,RADIOGRAFIA DE TOBILLO,1766301000999105,1,1,0,RADIOLOGIA
30837591000999114,RADIOGRAFIA DE TOBILLO DE FRENTE PERFIL Y OBLICUA,6316161000999107,1,1,0,RADIOLOGIA
21470331000999116,RADIOGRAFIA DE TOBILLO DE FRENTE Y PERFIL,4485571000999102,1,1,0,RADIOLOGIA
12548761000999116,RADIOGRAFIA DE TOBILLO DERECHO,1385581000999100,1,1,0,RADIOLOGIA
21463671000999112,RADIOGRAFIA DE TOBILLO DERECHO FRENTE Y PERFIL,4485041000999103,1,1,0,RADIOLOGIA
21450361000999114,RADIOGRAFIA DE TOBILLO IZQUIERDO,4484001000999101,1,1,0,RADIOLOGIA
30836431000999114,RADIOGRAFIA DE TOBILLO IZQUIERDO DE FRENTE Y PERFIL,6316121000999102,1,1,0,RADIOLOGIA
30838111000999111,RADIOGRAFIA DE TOBILLO Y PIE DERECHOS,6316211000999104,1,1,0,RADIOLOGIA
30837841000999116,RADIOGRAFIA DE TOBILLO Y PIE DERECHOS DE FRENTE Y PERFIL,6316171000999101,1,1,0,RADIOLOGIA
30838061000999110,RADIOGRAFIA DE TOBILLO Y PIE IZQUIERDOS,6316191000999100,1,1,0,RADIOLOGIA
30838001000999114,RADIOGRAFIA DE TOBILLO Y PIE IZQUIERDOS DE FRENTE Y PERFIL,6316181000999103,1,1,0,RADIOLOGIA
9341731000999111,RADIOGRAFIA DE TORAX,306831000999106,1,1,0,RADIOLOGIA
15507591000999114,RADIOGRAFIA DE TORAX CON ENFOQUE DE VERTICES,1765001000999102,1,1,0,RADIOLOGIA
33157521000999115,RADIOGRAFIA DE TORAX CON ENFOQUE EN ESTERNON DE FRENTE Y PERFIL,6425721000999107,1,1,0,RADIOLOGIA
9601321000999111,RADIOGRAFIA DE TORAX DE FRENTE,317921000999104,1,1,0,RADIOLOGIA
15503731000999110,RADIOGRAFIA DE TORAX DE FRENTE Y PERFIL,1764341000999104,1,1,0,RADIOLOGIA
27368211000999119,RADIOGRAFIA DE TORAX FRENTE Y PERFIL DERECHO,6384851000999107,1,1,0,RADIOLOGIA
25095811000999114,RADIOGRAFIA DE TORAX FRENTE Y PERFIL IZQUIERDO,6384861000999109,1,1,0,RADIOLOGIA
27518571000999112,RADIOGRAFIA DE TORAX PERFIL,6024931000999102,1,1,0,RADIOLOGIA
15505011000999116,RADIOGRAFIA DEL ANTEPIE DE FRENTE Y OBLICUA,1764631000999104,1,1,0,RADIOLOGIA
21400691000999115,RADIOGRAFIA DEL ANTEPIE DERECHO,4481571000999100,1,1,0,RADIOLOGIA
32986211000999110,RADIOGRAFIA DEL ANTEPIE IZQUIERDO FRENTE Y OBLICUA,6420321000999103,1,1,0,RADIOLOGIA
15507181000999118,RADIOGRAFIA DEL APARATO URINARIO SIMPLE DE FRENTE,1764911000999104,1,1,0,RADIOLOGIA
15517411000999115,RADIOGRAFIA DEL BRAZO,1766251000999104,1,1,0,RADIOLOGIA
21461901000999112,RADIOGRAFIA DEL BRAZO DERECHO,4484911000999102,1,1,0,RADIOLOGIA
21461931000999117,RADIOGRAFIA DEL BRAZO IZQUIERDO,4484921000999109,1,1,0,RADIOLOGIA
15504281000999117,RADIOGRAFIA DEL CANAL CARPIANO AXIAL BILATERAL,1764491000999103,1,1,0,RADIOLOGIA
33248961000999117,RADIOGRAFIA DEL CARPO,6426631000999106,1,1,0,RADIOLOGIA
33275931000999119,RADIOGRAFIA DEL CARPO DERECHO FRENTE Y PERFIL,6427571000999107,1,1,0,RADIOLOGIA
21470721000999115,RADIOGRAFIA DEL CARPO IZQUIERDO FRENTE Y PERFIL,4485601000999108,1,1,0,RADIOLOGIA
21463301000999112,RADIOGRAFIA DEL CUARTO DEDO DE LA MANO DERECHA,4481471000999104,1,1,0,RADIOLOGIA
21400411000999110,RADIOGRAFIA DEL CUARTO DEDO DE LA MANO IZQUIERDA,4481491000999103,1,1,0,RADIOLOGIA
30828611000999118,RADIOGRAFIA DEL CUARTO DEDO DE LA MANO IZQUIERDA DE FRENTE Y PERFIL,6315681000999101,1,1,0,RADIOLOGIA
30826871000999112,RADIOGRAFIA DEL CUARTO DEDO DEL PIE DERECHO DE FRENTE Y PERFIL,6315491000999101,1,1,0,RADIOLOGIA
21400181000999110,RADIOGRAFIA DEL CUARTO DEDO DEL PIE IZQUIERDO,4481461000999105,1,1,0,RADIOLOGIA
21400241000999113,RADIOGRAFIA DEL CUARTO METACARPIANO,4481481000999101,1,1,0,RADIOLOGIA
21400491000999118,RADIOGRAFIA DEL CUARTO METACARPIANO IZQUIERDO,4481511000999108,1,1,0,RADIOLOGIA
33221361000999112,RADIOGRAFIA DEL CUELLO DEL FEMUR IZQUIERDO,6426121000999102,1,1,0,RADIOLOGIA
23663831000999116,RADIOGRAFIA DEL HOMBRO DERECHO FRENTE Y PERFIL,5772811000999107,1,1,0,RADIOLOGIA
23663881000999115,RADIOGRAFIA DEL HOMBRO FRENTE Y PERFIL,5772821000999100,1,1,0,RADIOLOGIA
21463811000999115,RADIOGRAFIA DEL HOMBRO IZQUIERDO FRENTE Y PERFIL,4485051000999101,1,1,0,RADIOLOGIA
15506231000999110,RADIOGRAFIA DEL MAXILAR INFERIOR DE FRENTE Y PERFIL DESENF,1764781000999108,1,1,0,RADIOLOGIA
9601371000999112,RADIOGRAFIA DEL PIE,743011000999106,1,1,0,RADIOLOGIA
15505251000999111,RADIOGRAFIA DEL PIE DE FRENTE Y OBLICUA,1764651000999105,1,1,0,RADIOLOGIA
30661921000999114,RADIOGRAFIA DEL PIE EN APOYO,6309061000999100,1,1,0,RADIOLOGIA
15505321000999114,RADIOGRAFIA DEL PIE EN APOYO (PARADO) FUNCIONAL,1764671000999101,1,1,0,RADIOLOGIA
30835511000999112,RADIOGRAFIA DEL PIE IZQUIERDO,6316051000999106,1,1,0,RADIOLOGIA
32897521000999114,RADIOGRAFIA DEL PRIMER DEDO DE LA MANO,6414211000999104,1,1,0,RADIOLOGIA
30834691000999117,RADIOGRAFIA DEL PRIMER DEDO DE LA MANO BILATERAL DE FRENTE Y PERFIL,6315941000999103,1,1,0,RADIOLOGIA
21400121000999111,RADIOGRAFIA DEL PRIMER DEDO DE LA MANO DERECHA,4481441000999106,1,1,0,RADIOLOGIA
30827761000999112,RADIOGRAFIA DEL PRIMER DEDO DE LA MANO DERECHA DE FRENTE Y PERFIL,6315601000999109,1,1,0,RADIOLOGIA
30827641000999115,RADIOGRAFIA DEL PRIMER DEDO DE LA MANO IZQUIERDA,6315591000999102,1,1,0,RADIOLOGIA
30834671000999118,RADIOGRAFIA DEL PRIMER DEDO DE LA MANO IZQUIERDA DE FRENTE Y PERFIL,6315931000999107,1,1,0,RADIOLOGIA
21400151000999115,RADIOGRAFIA DEL PRIMER DEDO DEL PIE,4481451000999108,1,1,0,RADIOLOGIA
33243481000999112,RADIOGRAFIA DEL PRIMER DEDO DEL PIE DE FRENTE Y PERFIL ,6426441000999104,1,1,0,RADIOLOGIA
30826681000999111,RADIOGRAFIA DEL PRIMER DEDO DEL PIE DERECHO,6315471000999102,1,1,0,RADIOLOGIA
30826621000999112,RADIOGRAFIA DEL PRIMER DEDO DEL PIE DERECHO DE FRENTE Y PERFIL,6315451000999106,1,1,0,RADIOLOGIA
30826801000999119,RADIOGRAFIA DEL PRIMER DEDO DEL PIE IZQUIERDO,6315481000999104,1,1,0,RADIOLOGIA
30826651000999116,RADIOGRAFIA DEL PRIMER DEDO DEL PIE IZQUIERDO DE FRENTE Y PERFIL,6315461000999108,1,1,0,RADIOLOGIA
33276571000999116,RADIOGRAFIA DEL PRIMER METACARPIANO,6427641000999104,1,1,0,RADIOLOGIA
10581061000999114,RADIOGRAFIA DEL QUINTO DEDO DE LA MANO,743031000999101,1,1,0,RADIOLOGIA
30835201000999112,RADIOGRAFIA DEL QUINTO DEDO DE LA MANO BILATERAL,6316011000999105,1,1,0,RADIOLOGIA
30828531000999112,RADIOGRAFIA DEL QUINTO DEDO DE LA MANO DE FRENTE Y PERFIL ,6315661000999105,1,1,0,RADIOLOGIA
30827211000999117,RADIOGRAFIA DEL QUINTO DEDO DE LA MANO DERECHA,6315551000999107,1,1,0,RADIOLOGIA
30828501000999117,RADIOGRAFIA DEL QUINTO DEDO DE LA MANO DERECHA DE FRENTE Y PERFIL,6315651000999108,1,1,0,RADIOLOGIA
23667841000999117,RADIOGRAFIA DEL QUINTO DEDO DE LA MANO IZQUIERDA,5772911000999101,1,1,0,RADIOLOGIA
30828551000999118,RADIOGRAFIA DEL QUINTO DEDO DE LA MANO IZQUIERDA DE FRENTE Y PERFIL ,6315671000999104,1,1,0,RADIOLOGIA
30826961000999113,RADIOGRAFIA DEL QUINTO DEDO DEL PIE,6315521000999104,1,1,0,RADIOLOGIA
30826921000999115,RADIOGRAFIA DEL QUINTO DEDO DEL PIE IZQUIERDO,6315501000999108,1,1,0,RADIOLOGIA
21400521000999116,RADIOGRAFIA DEL QUINTO HUESO METACARPIANO,4481521000999101,1,1,0,RADIOLOGIA
21400451000999111,RADIOGRAFIA DEL QUINTO HUESO METATARSIANO,4481501000999105,1,1,0,RADIOLOGIA
32961211000999117,RADIOGRAFIA DEL QUINTO HUESO METATARSIANO DERECHO,6419581000999107,1,1,0,RADIOLOGIA
32961451000999115,RADIOGRAFIA DEL QUINTO HUESO METATARSIANO DERECHO FRENTE Y PERFIL,6419611000999100,1,1,0,RADIOLOGIA
32961171000999119,RADIOGRAFIA DEL QUINTO HUESO METATARSIANO IZQUIERDO,6419571000999109,1,1,0,RADIOLOGIA
32960971000999111,RADIOGRAFIA DEL QUINTO METACARPIANO DERECHO,6419511000999101,1,1,0,RADIOLOGIA
32961021000999116,RADIOGRAFIA DEL QUINTO METACARPIANO DERECHO FRENTE Y PERFIL,6419521000999108,1,1,0,RADIOLOGIA
32961151000999111,RADIOGRAFIA DEL QUINTO METACARPIANO IZQUIERDO,6419561000999103,1,1,0,RADIOLOGIA
30828691000999110,RADIOGRAFIA DEL SEGUNDO DEDO DE LA MANO,6315691000999103,1,1,0,RADIOLOGIA
30835061000999118,RADIOGRAFIA DEL SEGUNDO DEDO DE LA MANO BILATERAL DE FRENTE Y PERFIL,6315981000999108,1,1,0,RADIOLOGIA
30834781000999113,RADIOGRAFIA DEL SEGUNDO DEDO DE LA MANO DERECHA,6315951000999101,1,1,0,RADIOLOGIA
30828121000999119,RADIOGRAFIA DEL SEGUNDO DEDO DE LA MANO DERECHA DE FRENTE Y PERFIL,6315611000999107,1,1,0,RADIOLOGIA
30827531000999113,RADIOGRAFIA DEL SEGUNDO DEDO DE LA MANO IZQUIERDA,6315581000999100,1,1,0,RADIOLOGIA
30835001000999119,RADIOGRAFIA DEL SEGUNDO DEDO DE LA MANO IZQUIERDA DE FRENTE Y PERFIL,6315971000999105,1,1,0,RADIOLOGIA
21402371000999113,RADIOGRAFIA DEL SEGUNDO DEDO DEL PIE,4481741000999103,1,1,0,RADIOLOGIA
30834801000999112,RADIOGRAFIA DEL TERCER DEDO DE LA MANO,6315961000999104,1,1,0,RADIOLOGIA
30828261000999118,RADIOGRAFIA DEL TERCER DEDO DE LA MANO DERECHA,6315631000999102,1,1,0,RADIOLOGIA
30828211000999116,RADIOGRAFIA DEL TERCER DEDO DE LA MANO DERECHA DE FRENTE Y PERFIL,6315621000999100,1,1,0,RADIOLOGIA
21463131000999119,RADIOGRAFIA DEL TERCER DEDO DE LA MANO IZQUIERDA,4485011000999102,1,1,0,RADIOLOGIA
30828311000999112,RADIOGRAFIA DEL TERCER DEDO DE LA MANO IZQUIERDA DE FRENTE Y PERFIL,6315641000999106,1,1,0,RADIOLOGIA
32897611000999118,RADIOGRAFIA DEL TERCER DEDO DEL PIE DERECHO,6414221000999106,1,1,0,RADIOLOGIA
30826941000999114,RADIOGRAFIA DEL TERCER DEDO DEL PIE IZQUIERDO,6315511000999106,1,1,0,RADIOLOGIA
32901481000999111,RADIOGRAFIA DEL TERCIO DISTAL DE LA PIERNA,6414431000999108,1,1,0,RADIOLOGIA
33083501000999116,RADIOGRAFIA DEL TRANSITO FARINGOESOFAGICO,6423761000999101,1,1,0,RADIOLOGIA
15499701000999113,RADIOGRAFIA EN EXTREMIDAD INFERIOR,1764011000999100,1,1,0,RADIOLOGIA
32144391000999113,RADIOGRAFIA ESOFAGOGASTRODUODENAL,6386191000999102,1,1,0,RADIOLOGIA
16356001000999116,RADIOGRAFIA ESOFAGOGASTRODUODENO D/C,1838101000999100,1,1,0,RADIOLOGIA
15517181000999115,RADIOGRAFIA FUNCIONAL DE LA COLUMNA TORACOLUMBAR,1766231000999105,1,1,0,RADIOLOGIA
15516371000999119,RADIOGRAFIA OCLUSAL DEL PISO DE LA BOCA,1766051000999107,1,1,0,RADIOLOGIA
33034011000999117,RADIOGRAFIA PANORAMICA DE COLUMNA DORSAL,6421881000999100,1,1,0,RADIOLOGIA
33033981000999113,RADIOGRAFIA PANORAMICA DE COLUMNA DORSAL FRENTE Y PERFIL,6421871000999103,1,1,0,RADIOLOGIA
33033861000999111,RADIOGRAFIA PANORAMICA DE COLUMNA DORSOLUMBAR,6421841000999105,1,1,0,RADIOLOGIA
33033961000999116,RADIOGRAFIA PANORAMICA DE COLUMNA DORSOLUMBAR FRENTE Y PERFIL,6421861000999109,1,1,0,RADIOLOGIA
21471061000999119,RADIOGRAFIA PANORAMICA DE COLUMNA VERTEBRAL,4485611000999106,1,1,0,RADIOLOGIA
33032921000999116,RADIOGRAFIA PANORAMICA DE COLUMNA VERTEBRAL FRENTE,1765031000999109,1,1,0,RADIOLOGIA
32897281000999110,RADIOGRAFIA PANORAMICA DE COLUMNA VERTEBRAL FRENTE PARADA,6414191000999100,1,1,0,RADIOLOGIA
33216971000999119,RADIOGRAFIA PANORAMICA DE COLUMNA VERTEBRAL FRENTE PERFIL Y OBLICUAS,6425841000999107,1,1,0,RADIOLOGIA
33032871000999113,RADIOGRAFIA PANORAMICA DE COLUMNA VERTEBRAL FRENTE Y PERFIL,6384881000999100,1,1,0,RADIOLOGIA
32086661000999118,RADIOGRAFIA PANORAMICA DE COLUMNA VERTEBRAL FRENTE Y PERFIL PARADA,6384691000999101,1,1,0,RADIOLOGIA
15517501000999117,RADIOGRAFIA RENAL,1766271000999108,1,1,0,RADIOLOGIA
16339131000999116,RADIOGRAFIA SIMPLE DE CUELLO FRENTE Y PERFIL,1836001000999100,1,1,0,RADIOLOGIA
6749951000999111,RADIOGRAFIA SIMPLE DEL ABDOMEN,329781000999104,1,1,0,RADIOLOGIA
15517621000999113,RADIOGRAFIA SUB MAXILARES,1766291000999109,1,1,0,RADIOLOGIA
15506311000999113,RADIOGRAFIA TELERADIOGRAFIA DE CRANEO DE PERFIL,1764801000999107,1,1,0,RADIOLOGIA
33075721000999110,RADIOGRAFIA TIBIA,6423451000999105,1,1,0,RADIOLOGIA
16338521000999117,RADIOLOGIA DE COLUMNA,1835861000999101,1,1,0,RADIOLOGIA
2987151000999117,SERIADA ESOFAGOGASTRODUODENAL,293101000999106,1,1,0,RADIOLOGIA
33082951000999117,SERIADA ESOFAGOGASTRODUODENAL CON CONTRASTE,6423751000999103,1,1,0,RADIOLOGIA
33082921000999113,SERIADA ESOFAGOGASTRODUODENAL CON DOBLE CONTRASTE,6423741000999100,1,1,0,RADIOLOGIA
15469681000999112,SIALOGRAFIA,1761721000999106,1,1,0,RADIOLOGIA
16352291000999116,SIALOGRAFIA DE SUBMAXILAR,1837701000999100,1,1,0,RADIOLOGIA
16352261000999111,SIALOGRAFIA PAROTIDEA,1837691000999100,1,1,0,RADIOLOGIA
9314991000999119,TRANSITO DEL INTESTINO DELGADO,296141000999104,1,1,0,RADIOLOGIA
3202521000999110,TRANSITO ESOFAGICO,343111000999106,1,1,0,RADIOLOGIA
16352921000999113,TRANSITO FARINGO ESOFAGICO,1837811000999105,1,1,0,RADIOLOGIA
15514461000999112,URETROCISTOGRAFIA,1765681000999102,1,1,0,RADIOLOGIA
15514591000999118,UROGRAFIA,1765721000999108,1,1,0,RADIOLOGIA